sample_id,y_true,y_true_label,y_pred,y_pred_label,proba_CRC
MMRS97327636ST-27-0-0,1,CRC,1,CRC,0.5126731000066903
MMRS77487595ST-27-0-0,1,CRC,1,CRC,0.6771611547251013
MMRS18295921ST-27-0-0,1,CRC,1,CRC,0.6388597375845171
MMRS67096717ST-27-0-0,0,control,1,CRC,0.6683865073906317
MMRS66868025ST-27-0-0,0,control,0,control,0.13865052476668194
MMRS92546335ST-27-0-0,0,control,0,control,0.2644075755742286
MMRS55294627ST-27-0-0,1,CRC,1,CRC,0.7045434459964733
MMRS95479054ST-27-0-0,0,control,0,control,0.3206737094652878
MMRS65742083ST-27-0-0,0,control,0,control,0.4195385596648716
