sample_id,y_true,y_true_label,y_pred,y_pred_label,proba_CRC
MMRS97327636ST-27-0-0,1,CRC,1,CRC,0.9933990115548602
MMRS77487595ST-27-0-0,1,CRC,1,CRC,0.9097946551955792
MMRS18295921ST-27-0-0,1,CRC,1,CRC,0.9943840919535407
MMRS67096717ST-27-0-0,0,control,1,CRC,0.9932384842059945
MMRS66868025ST-27-0-0,0,control,0,control,0.13213840602428645
MMRS92546335ST-27-0-0,0,control,1,CRC,0.6783562586811775
MMRS55294627ST-27-0-0,1,CRC,1,CRC,0.9980572254885601
MMRS95479054ST-27-0-0,0,control,0,control,0.0008942723383058494
MMRS65742083ST-27-0-0,0,control,0,control,0.003369746910924949
