sample_id,y_true,y_true_label,y_pred,y_pred_label,proba_CRC
MMRS97327636ST-27-0-0,1,CRC,0,control,0.4458127997407985
MMRS77487595ST-27-0-0,1,CRC,1,CRC,0.6098912567721161
MMRS18295921ST-27-0-0,1,CRC,1,CRC,0.5592186694021704
MMRS67096717ST-27-0-0,0,control,1,CRC,0.6070190236091078
MMRS66868025ST-27-0-0,0,control,0,control,0.23261555535465342
MMRS92546335ST-27-0-0,0,control,0,control,0.37872036718094904
MMRS55294627ST-27-0-0,1,CRC,1,CRC,0.716672011017609
MMRS95479054ST-27-0-0,0,control,1,CRC,0.5516918889983743
MMRS65742083ST-27-0-0,0,control,0,control,0.4356753087554031
