sample_id,y_true,y_true_label,y_pred,y_pred_label,proba_CRC
MMRS97327636ST-27-0-0,1,CRC,0,control,0.42054573
MMRS77487595ST-27-0-0,1,CRC,1,CRC,0.63264126
MMRS18295921ST-27-0-0,1,CRC,1,CRC,0.7219695
MMRS67096717ST-27-0-0,0,control,1,CRC,0.83386767
MMRS66868025ST-27-0-0,0,control,0,control,0.16543566
MMRS92546335ST-27-0-0,0,control,0,control,0.22418676
MMRS55294627ST-27-0-0,1,CRC,1,CRC,0.62059623
MMRS95479054ST-27-0-0,0,control,0,control,0.4146888
MMRS65742083ST-27-0-0,0,control,0,control,0.41792345
